workload_name,dram_ipc,dram_llc_miss,dram_useful_prefetch_hit,dram_mshr_pf_hit,cxl_ipc,cxl_llc_miss,cxl_useful_prefetch_hit,cxl_mshr_pf_hit
401.bzip2-277B,1.626,689671,341909,9452,1.59,686320,341788,10286
456.hmmer-88B,2.004,204698,140517,900,1.991,197791,139031,1288
638.imagick_s-824B,1.8,51142,52337,1,1.801,51012,50704,1
445.gobmk-2B,1.181,338903,175040,18274,1.159,303287,166092,17137
459.GemsFDTD-1211B,0.7029,9526927,1317887,4745,0.6659,12133426,1312883,5265
464.h264ref-64B,2.039,430798,234619,13360,1.998,493396,227683,17930
619.lbm_s-3766B,1.105,4440624,564549,40994,0.7719,4671003,587533,46100
459.GemsFDTD-765B,0.6134,12468830,1501892,9949,0.5144,17668367,1485299,12646
459.GemsFDTD-1491B,1.264,9635498,4424301,145783,0.8664,11804115,4402084,172795
625.x264_s-18B,2.835,61475,26062,844,2.784,60526,26433,862
621.wrf_s-8065B,1.921,3490030,1495034,171116,1.705,3260160,1475939,177424
625.x264_s-12B,2.87,44822,27546,438,2.846,34668,24159,339
654.roms_s-523B,1.116,10331067,3286717,292461,0.8728,13046501,3267748,313343
403.gcc-17B,0.3305,6656066,1373837,153877,0.2625,6878246,1346428,102440
628.pop2_s-17B,2.156,1557943,1050629,193743,1.995,1710957,1038274,197574
471.omnetpp-188B,0.2652,12478127,1432540,138943,0.23,13220154,1434166,144415
641.leela_s-1083B,1.386,21198,77170,788,1.385,21770,77011,893
433.milc-337B,0.6514,12498028,1003723,171325,0.5477,12949031,1070308,219620
436.cactusADM-1804B,1.71,866032,960304,461,1.676,913187,938275,601
410.bwaves-2097B,1.696,4211280,2118698,233217,1.325,4942773,2100422,286266
648.exchange2_s-72B,1.658,2716,626,31,1.657,2616,616,28
607.cactuBSSN_s-3477B,2.015,355881,343293,49429,1.822,377806,336403,49278
473.astar-153B,1.174,651242,127834,2027,1.094,615178,123789,2010
429.mcf-51B,0.1147,37684419,3457354,123068,0.1016,40497923,3487690,114291
462.libquantum-714B,1.11,20704997,957152,1841221,0.7575,25135006,933266,1912662
649.fotonik3d_s-1B,1.929,7398,187,1,1.929,7433,187,1
429.mcf-217B,0.5854,20262610,3486428,784008,0.4034,20775678,3293696,781193
657.xz_s-4994B,1.855,32483,32430,491,1.852,34197,30977,838
444.namd-44B,2.272,17736,350829,18129,2.269,17668,353281,18529
623.xalancbmk_s-592B,0.8514,2071617,721092,452348,0.9571,1193526,681733,450269
644.nab_s-5853B,1.439,66681,282867,88,1.438,66449,283462,89
482.sphinx3-1297B,1.319,4576380,2197644,77684,1.049,5701356,2130421,108677
605.mcf_s-1536B,0.1248,27240478,725696,7255,0.1403,21115091,759855,7285
631.deepsjeng_s-928B,1.298,347283,21990,1163,1.253,344323,22001,1114
625.x264_s-33B,2.916,42463,22669,418,2.857,42583,22193,392
621.wrf_s-575B,1.319,10638,2519,132,1.319,10634,2449,128
600.perlbench_s-1273B,2.339,23020,6356,240,2.323,22769,6368,259
648.exchange2_s-1247B,1.71,2562,566,32,1.709,2436,611,33
620.omnetpp_s-874B,0.2972,8206733,949560,68580,0.2643,8284743,944332,70516
603.bwaves_s-891B,1.469,11129728,3352085,188636,1.108,16766972,2616822,652046
607.cactuBSSN_s-4004B,2.023,356651,346781,50246,1.822,377392,339779,50840
465.tonto-1914B,1.967,51711,223249,19121,1.969,37978,223320,18535
464.h264ref-97B,1.872,383083,260282,9297,1.834,442183,254988,12836
437.leslie3d-273B,2.118,2161639,996538,5285,1.966,3183035,987750,11531
483.xalancbmk-736B,2.285,790203,114467,28310,2.216,987742,112411,45263
603.bwaves_s-3699B,2.044,65383,19473,78,2.031,68854,19042,87
473.astar-42B,0.4096,8227466,782034,9839,0.364,9448721,858388,10305
619.lbm_s-2677B,0.5144,9732196,784061,129026,0.3588,10428219,834977,150285
648.exchange2_s-1699B,1.655,2589,682,29,1.654,2623,633,30
603.bwaves_s-1740B,1.802,4511735,2244813,242271,1.333,5241007,2236659,269603
600.perlbench_s-570B,1.635,319773,103811,4882,1.546,320142,103941,4876
648.exchange2_s-353B,1.691,2648,609,35,1.69,2593,643,31
654.roms_s-294B,1.978,3412782,2708226,12238,1.856,4587378,2690825,17031
437.leslie3d-149B,1.634,3722750,1596911,85346,1.373,4822171,1578756,94050
462.libquantum-1343B,0.9329,19536726,1996216,1342667,0.6513,23496075,1942258,1451628
648.exchange2_s-584B,1.646,2646,655,27,1.645,2636,657,27
654.roms_s-293B,2.131,1849576,1098274,32764,1.836,2656624,1098875,33596
649.fotonik3d_s-7084B,1.671,5023511,3329210,18643,1.327,7175453,3253078,36243
458.sjeng-31B,1.049,192455,19272,772,1.012,209046,19487,780
602.gcc_s-2226B,0.5048,58746550,2527234,5930082,0.3623,69245874,2770990,5926867
657.xz_s-3167B,1.227,1078260,157858,2143,1.13,1093642,158682,2494
654.roms_s-1070B,1.31,7387714,3037914,66290,1.065,9924583,3014139,79006
649.fotonik3d_s-10881B,0.5001,35551903,2635294,28218,0.4177,56637805,2458262,44606
605.mcf_s-665B,0.3281,5541453,1967507,106591,0.2486,5591663,1963555,116343
403.gcc-48B,2.811,87040,38729,3614,2.719,87299,37981,3580
482.sphinx3-417B,1.233,4659145,2232414,83719,0.9549,5542219,2173900,111535
435.gromacs-111B,1.973,18050,303520,3526,1.978,18278,304276,3417
403.gcc-16B,2.271,72083,31434,570,2.248,76392,33123,581
447.dealII-3B,1.815,35393,328988,1007,1.814,29743,330225,894
623.xalancbmk_s-165B,1.333,6562957,1556118,312028,0.9318,9644473,1483478,486358
603.bwaves_s-5359B,2.07,33890,6448,18,2.07,33875,6500,21
638.imagick_s-4128B,3.423,23115,41985,612,3.421,19976,40451,615
654.roms_s-1007B,1.149,1864447,704328,38238,1.074,2471411,697937,43151
453.povray-887B,1.656,9108,183818,61115,1.657,9378,186280,61571
621.wrf_s-6673B,1.198,7532734,2890789,365570,0.9071,9351570,2882311,381586
444.namd-166B,2.741,39096,102977,9869,2.73,39719,103096,10157
605.mcf_s-782B,0.0797,35918963,10552310,636266,0.0586,36129166,10462928,738963
445.gobmk-30B,1.165,338990,72319,4735,1.132,341375,72738,4865
401.bzip2-38B,1.759,310769,234662,5176,1.779,253351,215973,5088
644.nab_s-12459B,1.71,30135,274405,8135,1.736,29547,276350,5560
605.mcf_s-994B,0.1954,18390553,839999,171034,0.1816,19979357,840002,171199
481.wrf-1281B,1.772,3725777,1496171,41247,1.457,5403601,1467018,56296
458.sjeng-767B,1.031,177288,16776,819,0.9903,175891,16749,805
623.xalancbmk_s-10B,0.3169,17423199,1522784,191222,0.2656,18228237,1531160,245458
627.cam4_s-573B,1.378,800183,197426,33814,1.176,799735,195761,31624
454.calculix-104B,2.178,3193,1627,75,2.176,3308,1626,80
458.sjeng-283B,1.035,195382,17568,618,0.9976,183767,17467,647
605.mcf_s-1152B,0.2311,9751845,3089064,159748,0.1716,10027349,3076230,185277
625.x264_s-39B,2.335,428523,139310,15758,2.241,494154,138961,17153
453.povray-576B,1.473,15749,226561,73191,1.473,16079,233447,72195
456.hmmer-191B,1.989,161193,141055,690,1.981,146048,140741,819
400.perlbench-50B,1.739,28601,11712,275,1.728,28861,11887,295
654.roms_s-1021B,1.623,155689,146513,1916,1.624,135504,140542,1892
434.zeusmp-10B,2.403,1004990,710515,8458,2.356,1102043,691652,9982
444.namd-321B,2.701,41069,106784,9821,2.695,41881,109928,10083
607.cactuBSSN_s-4248B,2.073,245726,213051,31,2.076,242548,215739,39
458.sjeng-1088B,1.025,142726,15251,848,0.9953,127443,14889,867
416.gamess-875B,1.853,7908,47459,6367,1.852,7729,47452,6374
482.sphinx3-1100B,1.664,4055229,2263192,59969,1.341,5014524,2163593,104716
444.namd-23B,2.734,36266,161510,12358,2.724,34776,162230,12523
429.mcf-184B,0.1031,29418106,3279711,82726,0.0868,29872737,3218692,81819
657.xz_s-56B,2.51,131519,92082,86,2.512,134557,90804,93
644.nab_s-12521B,2.139,232032,749680,1277,2.129,227666,751425,1281
641.leela_s-1052B,1.392,14708,70738,202,1.39,14902,71074,261
435.gromacs-134B,2.929,70136,176151,3315,2.933,70723,174469,3458
482.sphinx3-234B,1.721,3929694,2242410,52897,1.414,4874401,2146357,98453
602.gcc_s-1850B,0.9098,8489310,2646167,666151,0.8666,12974370,2653511,671836
641.leela_s-602B,1.338,19415,94296,1844,1.336,19490,95019,1860
638.imagick_s-10316B,3.507,16581,508014,83,3.51,17160,509934,97
481.wrf-816B,1.995,2990981,1716076,11990,1.722,4328788,1691054,23713
648.exchange2_s-210B,1.704,482,116,0,1.704,469,99,0
444.namd-426B,2.566,34396,172622,13209,2.56,33290,173576,13348
482.sphinx3-1522B,1.741,4107457,2203631,73251,1.426,5253192,2113733,114072
429.mcf-192B,0.1169,22026084,2712000,6027,0.0923,21278927,2510250,5950
607.cactuBSSN_s-2421B,1.858,955209,304579,25786,1.807,1428505,346346,22505
435.gromacs-228B,3.083,303044,317515,9342,3.067,282472,314674,9774
401.bzip2-7B,1.976,208451,312312,94430,2.014,92083,303442,93344
483.xalancbmk-127B,0.396,15674491,2299562,351817,0.298,16982326,2280137,381123
453.povray-800B,1.598,9801,179319,55838,1.599,9849,180328,58224
623.xalancbmk_s-325B,1.23,532443,494376,330495,1.214,593717,485730,337714
603.bwaves_s-2609B,1.807,4509301,2239571,243001,1.333,5251344,2227306,269427
625.x264_s-20B,2.439,658272,289671,15557,2.318,698220,288825,16571
644.nab_s-9322B,1.696,175112,817087,44,1.697,172997,819253,42
410.bwaves-1963B,1.671,4165564,2080146,258144,1.303,4777265,2097098,272419
481.wrf-196B,2.948,1176771,1154877,9847,2.888,1776431,1154381,12879
401.bzip2-226B,1.54,1082014,261278,10678,1.695,415877,180956,6885
450.soplex-247B,0.4539,12556711,3523316,455303,0.3545,14291895,3471538,485627
648.exchange2_s-1511B,1.656,2669,719,40,1.655,2694,780,36
437.leslie3d-232B,2.154,1865795,1484803,17979,2.07,2728777,1468316,23291
410.bwaves-945B,3.077,1832,354,7,3.077,1874,342,8
445.gobmk-36B,1.113,567106,123152,8538,1.062,576047,125454,9767
648.exchange2_s-1227B,1.642,2164,679,12,1.642,2185,689,13
481.wrf-1170B,2.01,83197,105162,93,1.997,106100,107230,111
605.mcf_s-472B,0.4797,15204228,3554643,697103,0.3533,15587628,3343159,658952
648.exchange2_s-1712B,1.795,454,99,0,1.795,474,105,0
605.mcf_s-1554B,0.2723,54737904,10689824,2002308,0.1703,55661198,9502273,1975931
437.leslie3d-265B,2.27,1225607,1188325,3232,2.208,1745896,1189524,6252
465.tonto-44B,1.969,40414,322608,33289,1.969,35300,314434,33346
654.roms_s-842B,1.542,40868,23692,39,1.541,47984,23030,36
602.gcc_s-2375B,1.021,832374,479613,37477,0.9777,848665,477125,38514
603.bwaves_s-1080B,2.05,77971,14004,45,2.048,78707,14102,46
657.xz_s-2302B,0.7547,2558126,308524,2309,0.671,2536106,305422,2582
453.povray-252B,1.581,9235,226008,95243,1.581,9324,225838,95472
641.leela_s-334B,1.329,19223,66996,1113,1.328,20485,67742,1118
654.roms_s-1390B,1.118,10371002,3373270,262241,0.8523,13023342,3355033,275219
641.leela_s-800B,1.378,238935,94424,3164,1.367,288359,94672,3604
437.leslie3d-271B,2.179,2237808,1163269,7851,2.046,3120986,1160510,12633
459.GemsFDTD-1320B,0.6521,7026790,629420,1461,0.5766,6656487,574782,1644
623.xalancbmk_s-202B,1.238,9038222,2135064,415267,0.9745,13925435,1938756,593150
450.soplex-92B,0.5614,9189884,2634311,308410,0.4458,10689962,2576036,333291
470.lbm-1274B,0.8483,5917291,747849,46448,0.5842,6314318,797038,47628
445.gobmk-17B,1.3,55462,33286,1312,1.297,49068,33115,1259
602.gcc_s-734B,1.356,4487900,2712419,143724,1.292,7406185,2721217,154212
482.sphinx3-1395B,1.623,4261531,2139651,78750,1.321,5650313,2077951,111714
435.gromacs-226B,1.72,297275,486601,11912,1.709,309707,483307,12095
444.namd-33B,2.973,34893,106006,10004,2.961,34039,107711,10196
619.lbm_s-4268B,0.5168,9717449,775845,127505,0.361,10410385,829258,147282
459.GemsFDTD-1169B,0.4953,10085652,1312410,4147,0.4613,10144073,1293516,4725
444.namd-120B,2.848,52394,107483,10310,2.833,48733,110099,10788
464.h264ref-30B,1.962,362262,190771,9110,1.925,442485,184765,12679
605.mcf_s-484B,0.6351,7741954,2098951,357239,0.4917,7892735,1995758,351432
644.nab_s-7928B,1.902,145836,875413,1607,1.9,147725,876019,1612
641.leela_s-149B,1.374,60013,85683,7564,1.373,50849,82438,7613
429.mcf-22B,0.4557,11489549,1598772,179783,0.3574,14493096,1547426,183521
649.fotonik3d_s-1176B,1.854,6413963,1972312,292793,1.302,7888462,1861144,327325
433.milc-274B,0.6611,11663558,1056956,143969,0.5431,11585887,1089152,164904
654.roms_s-1613B,1.267,1722489,390888,65354,1.202,2032766,390326,67435
481.wrf-455B,1.965,1291868,1178842,1140,1.911,1727740,1166021,3243
437.leslie3d-134B,2.104,1293028,1409218,17167,2.112,1620187,1397521,18018
620.omnetpp_s-141B,0.2628,9728464,1022403,72055,0.2335,9939457,1024480,72242
483.xalancbmk-716B,1.029,1709752,181256,87955,0.9732,2242658,179891,79790
400.perlbench-41B,1.676,208794,55403,628,1.66,212026,55040,731
623.xalancbmk_s-700B,0.8453,1600358,810985,283025,0.8601,1585338,807161,278667
459.GemsFDTD-1418B,1.593,1458746,1443987,102,1.558,1782990,1433109,467
649.fotonik3d_s-8225B,1.853,6429040,2035722,293018,1.303,7899755,1860559,327098
456.hmmer-327B,1.986,172180,144804,786,1.984,102297,144000,372
600.perlbench_s-210B,2.331,17335,8018,158,2.322,18101,8082,168
603.bwaves_s-2931B,1.771,2494390,1904532,3945,1.232,3051352,1825033,3868
464.h264ref-57B,1.818,393138,261372,8252,1.779,467884,255272,11680
481.wrf-1254B,2.753,2205886,1241611,33734,2.477,2888830,1240913,40396
641.leela_s-862B,1.417,15766,40108,817,1.415,16444,40193,860
473.astar-359B,0.1238,23790222,1511898,32832,0.1137,24239195,1462367,40953
619.lbm_s-2676B,0.7064,7288273,674530,84184,0.4936,7790701,709328,97987
433.milc-127B,0.6591,15712499,1414281,294593,0.5092,19353267,1362803,366970
621.wrf_s-8100B,1.286,80701,245969,2956,1.285,86406,241100,3162
648.exchange2_s-387B,1.75,2422,735,14,1.75,2434,763,17
